-2.501949389719269945e+00;3.634456047837039794e+00
-1.741856040101670056e+00;-2.071135241129319904e-01
-1.178113783211850008e+00;9.492194968687279744e-01
-3.483568974953600073e+00;-7.624009558833430011e-01
-2.321846605550510034e+00;-1.658006880643110081e+00
7.635022394101190102e+00;-4.612985463855560297e+00
-7.374846061662879704e-01;3.401818718541500086e+00
-2.241499835444039856e+00;5.253340505385519776e+00
-7.635622885328250398e+00;-1.238970365076949992e-01
-1.262789214146500028e+00;4.194626773050489810e+00
-5.343445211856099775e+00;1.464410771969860026e+00
-4.892034466222149880e-01;6.406199691890950287e-01
-7.303190676062349951e+00;-4.936784428509739808e-02
-2.903595490150880032e+00;-5.799445351429359796e+00
7.458404666291969853e+00;-6.201974135310599934e+00
-1.551330370270189940e+00;4.171895002459399926e+00
9.978710037722899884e+00;-3.519068814572340109e+00
-1.754154335648810070e+00;-6.451985078223310133e-02
-1.368153434903399912e+00;3.888417218490199945e-01
-6.618947563952829682e+00;-1.390076214736249982e+00
-2.910136046049120129e+00;-6.562926610723559762e+00
-1.018306872004580033e+00;2.504926662432850115e+00
9.208350597855480046e+00;-5.460188722911859749e+00
-1.232127978360100018e+00;1.680106167655649907e+00
-9.320650775726539550e+00;9.625193290138399860e+00
-3.305204759568209916e+00;-5.316349356763139689e+00
-1.164545496063710051e+00;-6.116973281627620107e-01
-8.682036030590200681e+00;9.481778352395110687e+00
-4.152895047841189680e+00;1.090533966011129952e+00
-3.199164074986439843e+00;-7.834606511083410219e+00
-3.675825328002980008e+00;-8.585331210741449226e+00
-8.389273674648569212e+00;1.834594033447410011e+00
-2.725000746697959997e+00;-8.085671676771340799e+00
-2.814440254185269996e+00;-5.692536681064959581e+00
-2.948470786597860105e+00;-9.847792802999320028e-01
-8.150049592045080615e+00;-3.783386644642219854e-01
-1.333645121408749912e+00;4.795631001124229797e+00
-7.382502812133109771e+00;7.691722115405059679e-01
-6.825667972034750175e-01;4.772779154461500362e+00
-4.258568219213580086e+00;-6.783836387486309683e+00
-5.746238559421990022e-01;3.801882300859610098e+00
-9.732641575391660638e+00;7.656013486218579800e+00
-8.759646001559229234e+00;-6.782051973138849554e-01
-8.227216618615120325e+00;-5.516645735873699774e-01
-4.886226341664079875e+00;-2.479733980717160058e-01
-1.398214873356040000e+00;6.334805978946329574e-01
-8.344967525822869492e-01;2.497844951546690062e+00
-4.150622069583270068e+00;6.390306621460309922e-01
-4.046599768679810083e+00;-8.219572273784590877e+00
-7.718002516654189904e+00;-9.930612379895300545e-01
-3.210004560675979945e+00;5.753892153748149774e+00
-7.247963034554810058e+00;8.459534267561720222e-01
-3.919906092375990081e+00;-7.071004766253349949e+00
-2.479102001819819989e+00;-7.113330281900710483e-01
-5.349005499620200332e+00;-1.746428771400500013e+00
-1.856363541437529907e+00;3.520557616113490162e+00
6.962933359705639980e+00;-5.100401901001309746e+00
7.798351536524619654e+00;-3.568544146027489816e+00
9.391144838182389876e+00;-5.913472210307079813e+00
-1.013399738416370077e+01;1.062159822581589985e+01
-2.921163434023230199e+00;-5.958823880303939724e+00
3.147839120748829878e-01;4.182386245579209572e+00
5.508060204645720326e+00;-2.647350324197629945e+00
6.963392440687830032e+00;-5.539938766256759628e+00
-6.760912284526200189e+00;7.046810301055249637e-01
-2.342243609167209861e+00;4.079369372702630336e+00
-3.245258123768529845e+00;2.153964585188130165e+00
-8.176344202422010099e+00;8.916628983566690536e+00
-9.160670186820309979e+00;9.856678157579260358e+00
-3.553111924597140092e+00;-7.556069111668129779e+00
7.091674329104609598e+00;-3.585147076789540144e+00
-7.061175998131179465e-01;5.417490713092069754e+00
-1.046077988191849961e+01;1.006139554681350035e+01
-9.417845446556350808e+00;-4.028507140042080215e-01
-9.893891654170829497e+00;1.116409969192680052e+01
-6.067505104491010215e+00;9.479826645818779651e-01
-7.080639540267799958e+00;1.412235582689250091e+00
-3.139133922121810194e+00;3.608808278391450131e+00
-2.680575462125060149e+00;-6.990965124102269890e+00
-3.745696906337229848e+00;-2.201451064305489924e-01
-7.861693863743050237e+00;1.735916526322859976e+00
-9.853197392341119354e+00;9.673119985940740406e+00
-9.839506958341109666e+00;1.058923292703810048e+01
-2.258950495182789897e+00;4.401503772322709729e+00
-1.006951908532900042e+01;9.666571345034309815e+00
-2.251133912447599972e+00;6.620556140039369764e-01
-3.777578285132780156e+00;-6.326009364571220095e-01
-1.043940846693839930e+01;1.189094375537639969e+01
6.914129759206789849e+00;-5.421600334079309746e+00
-7.565966659172749686e+00;1.404884520238129930e+00
-2.192643240703589846e+00;4.953149100751519818e+00
-2.678547919826010038e+00;4.336413003335319871e+00
-4.695713459019779989e+00;-7.093204062189819581e+00
-4.660783319168520400e+00;-1.747674468137860038e-01
-3.593196342032419999e+00;3.360513492038830208e-01
-1.996893370278040036e+00;9.921514926493429920e-01
-2.180116729023489963e+00;3.193400855295450036e+00
-3.025852913401310129e+00;-6.974358198138030041e+00
-3.035733412836159939e+00;-6.978736269913859758e+00
-1.085596499802520043e+01;1.255637624248610074e+01
-4.702461031370400057e+00;4.764810334112509760e-01
7.668973807475389926e+00;-6.692246079802510295e+00
-1.335798666403660073e+00;4.980295075413609940e-01
-1.678328525996970022e+00;2.852858361455639979e+00
-1.002815523374789963e+00;4.838837403700010142e+00
-2.040844084167579897e+00;2.633962191312209988e+00
-8.802704308229760244e+00;1.062552299040170034e+01
-1.310408532410040072e+00;-7.595468272031159707e+00
-1.551583185477100058e+00;-2.201350443740340168e+00
1.106739123051299956e+00;3.547971987281890005e+00
-7.175864838447820304e+00;2.637616989393020139e-01
-9.459280906297859559e+00;1.096950133896129920e+01
-9.653409398520739870e+00;1.019623711744930006e+01
-5.614653834304239588e+00;3.406797246543569746e-01
-7.611911216478230102e+00;9.706152733231510066e-01
-2.465954465424569975e+00;9.354230887375629688e-01
-9.889797251374470299e-01;7.390159901495000350e-01
8.183512839410999717e+00;-4.514583122120299663e+00
-2.213848489740239955e+00;-7.859508259667360441e+00
-4.387255494066700123e+00;-7.478095698643649758e-02
6.668524070488659916e+00;-6.252622052864119873e+00
-9.460650367567730257e+00;1.063088938194369959e+01
-1.204125881950059984e+00;1.798563256312760039e+00
-2.048597658877609806e+00;1.433086492744910068e+00
-2.665158574169990136e+00;-5.262449042437929769e+00
-9.606747858366649240e+00;1.068250568279900037e+01
-3.342999663998260207e+00;5.281323679070879962e+00
-3.274585356449020157e+00;-7.967356198781559762e+00
-2.517378732283920062e+00;-6.528324935348310376e+00
-8.354184210583019521e+00;1.075260058084350057e+01
6.585756086933380438e+00;-4.680604584484799879e+00
-4.472949433951559861e+00;-7.101341875198600162e-01
-8.271165662608540359e+00;-2.894143923502470184e-01
-4.355255269735110346e+00;-9.315765182651659648e-01
-1.215853754186809965e+00;-6.864309618851270223e+00
-1.239008903113699933e+00;3.549383119863999791e+00
-5.603723219260450250e+00;-3.237844585926509811e-01
-3.188698122682990022e+00;1.530998811750750033e+00
-3.815950380337640002e+00;1.613397681344070078e-01
-4.094951089389200050e+00;3.720459559987600029e-01
-1.103878691423280101e+00;9.130472879996799629e-02
-7.109082868164719571e+00;-3.277097862292009944e-01
-5.985586783116519705e+00;2.072466995212579821e+00
-9.878468004813619530e+00;1.006016605993839974e+01
-8.918167722903350025e+00;1.047171435526660055e+01
-8.427466508533429490e+00;1.614622759660659934e-01
-2.772629018130300160e+00;-6.224498133233080210e+00
-8.330550162452530216e+00;1.226451136124790064e+00
-4.657361198801339697e+00;1.118157771527950040e+00
-9.696956717717100105e+00;-1.451410420038319993e+00
-9.493024493922289864e+00;-1.079226770091819970e-02
-1.048308915797690055e+01;9.359730294134850581e+00
-6.284580396146729475e-01;-4.087739121717869767e-02
-4.103566777418169664e+00;-7.181486500513590165e+00
-1.118424519531399985e+00;4.936249321720659999e+00
-2.153992997927020037e-01;4.132694998630359606e+00
-2.387904503288880154e+00;4.193443902415149860e-01
-3.755720122724369947e+00;1.731610875538929895e+00
-4.411648697489650162e-01;9.471386886861230536e-01
-8.390004727228429715e+00;9.028700095386200886e+00
-7.669202295978649886e+00;2.215175962371870089e+00
-8.112584277745270356e+00;1.054475231284049919e+01
-4.754773724135949564e+00;-1.722486909652420073e-01
-5.891164036438770069e+00;-4.722460788194670078e-01
-1.333223420193190067e+00;4.044200561603520150e+00
-9.073747804186190535e+00;3.583814883899700265e-01
-1.028590040885080104e+00;5.432557617520550330e+00
-5.520552622159759615e+00;1.809917696039519963e-01
-2.294296599941980208e+00;4.516147229068629976e+00
-3.105807651343709952e-01;3.964592240095659914e+00
-4.746706516605240012e+00;2.619856081583729956e+00
8.545649664926639133e+00;-3.798542484437500200e+00
-4.041578733736879592e+00;4.020072968334750252e-01
-7.863650719959740520e-01;3.956576110304350191e+00
-7.478663910310220153e+00;9.828168702726630457e+00
8.071781471867140567e+00;-4.698176521473810041e+00
-1.530286081605779946e+00;3.165393650281659976e+00
-8.637276025922469458e+00;2.368087976485329982e+00
-8.058290180767649247e+00;4.164288832668079920e-01
-8.831691536996270742e+00;2.651834865499230087e+00
-2.059684101716099835e+00;-7.847093908453680378e+00
7.090494503592020159e+00;-5.389286858060639673e+00
-4.232120968825710428e+00;6.480688980057299986e+00
6.256981702721230221e+00;-4.881171825029929856e+00
-4.034429319675689740e+00;-9.372641649638769223e+00
-4.250633597276800124e+00;4.048477118821279808e-01
-2.501181233065879805e+00;-6.175340834987720129e+00
-1.130643267659169915e+01;1.126111578059989959e+01
-2.391873230047400156e+00;3.165882725252120000e+00
-9.305238751785049889e-01;4.677947095122990007e+00
-1.072955412943680020e+00;8.411607443378990578e-02
6.210875246387359994e+00;-4.558715999478759606e+00
-4.059913967752129871e+00;-2.012507567907860118e+00
2.865344216946429934e-01;-1.318758805986750104e+00
-3.161188502503589959e+00;-6.808517262688430272e+00
-3.461482342982329818e+00;-5.523698071601470527e-01
-2.791394617005470202e+00;2.019536274044389845e+00
-7.514809298815849914e+00;-2.234069464358230117e-01
-8.040906482974110148e+00;1.143688824298580098e+00
-1.015594667583860078e+00;-1.709116007436649876e-01
-9.542308908672769263e+00;1.490754653173590016e+00
-8.658887616848110369e+00;4.627534579458649766e-01
-3.826955214452469889e+00;3.075662014477519857e-01
-1.367592762664759931e+00;-7.135235669496600153e+00
-4.467875575889389772e+00;1.977498560807380013e-01
-7.779477426133929896e+00;-3.454879300450269808e-02
-2.917804958815219951e+00;4.866483320021090186e+00
-1.949198500107220067e+00;-9.203298460504629741e-01
-7.926229486938130009e+00;1.130782129265690017e+01
-5.858447806780979761e-01;1.231387875125899978e+00
8.084706488568670579e+00;-5.256431725440200431e+00
-8.271802124121789390e+00;9.440532050083419335e+00
-9.099990919046389237e+00;4.596607523074489748e-02
-2.546119613586579788e+00;3.972555653164060008e+00
-3.405542206340640199e+00;-6.800647990358990036e+00
-5.934899017252869946e+00;-1.332413047365600123e-01
8.797967972804579873e+00;-3.415509065702420077e+00
-2.991198124361010180e+00;-7.923194966167789843e+00
-8.634066368698400495e+00;-2.139514683574459952e-01
-8.480186387630169520e+00;9.375508301122049692e-01
-8.491868194497030231e+00;5.703360302188069664e-01
-1.208375872003810025e+00;1.875801657215339979e+00
7.454056297202489745e+00;-3.973532828489109825e+00
-9.656164262291859757e+00;1.048942482658270059e+01
7.499212063462300293e+00;-1.784737001222260089e+00
-4.015322572879339802e+00;-6.875079568230599847e+00
-7.671770809940720248e+00;1.298528949882300054e+00
-9.201799140023590340e+00;6.794277634362879681e-01
-2.826945919440059907e+00;8.690935251999239997e-01
-8.532506195325119336e+00;1.027747314343890039e+01
-9.508391678389630286e+00;8.505165419517039638e+00
6.721914460399429636e+00;-3.627786217732269947e+00
-2.226578123647129814e+00;-7.286141880828579609e+00
-1.301553561309380047e+00;1.495992228202019936e+00
-3.814902598680930179e+00;-4.810097676779860443e+00
1.117587466072000046e-01;-4.582549499835780193e-01
8.184800743760529684e+00;-4.250025168274829568e+00
-3.209908665161589791e+00;-7.134301079143109625e+00
-4.436702657893100366e+00;2.060597037378180119e+00
-5.442058515152200293e+00;1.335063056071269960e+00
-4.574356268802020065e-01;4.219649234093529877e+00
7.904778285421070194e+00;-3.262248983079270026e+00
-1.679599803532140001e+00;4.263051530074680073e+00
-8.165919007538990471e+00;6.090928304904540402e-01
7.353491652082030150e+00;-4.048930747442230249e+00
-9.774926877127939617e-01;1.307649958918579935e+00
-3.577312740722890183e+00;-5.976116921856560182e+00
-6.574449044351849736e+00;9.889045853495499472e-01
-1.598904847155429909e+00;-7.440924843034469660e+00
-2.840749555391630210e+00;-1.096462475296549943e+00
-8.250561068556979905e+00;1.068414953358379993e+00
-4.024810666442579787e+00;1.617330454664029915e+00
-8.489505643711229510e+00;9.192238863836459828e+00
9.009429278160860477e+00;-5.472110086684759622e+00
-5.588593769933139832e+00;-4.333363682704339803e-01
-2.422142876628030184e+00;-5.450680708756800108e+00
6.503387179638700388e+00;-3.902925299905859902e+00
-9.608729395433479592e-01;3.372600249508849846e+00
-4.976079828608970246e+00;-7.168164016209000344e+00
-7.323042466304840126e+00;-2.434001675144880084e-01
-5.163010513327139783e+00;5.686735100890949468e-01
-9.239537245459610304e+00;7.846006949525879959e-01
-1.991330756727790030e+00;3.937623874263560086e+00
5.039504731315419761e+00;-5.910091580763699781e+00
-3.962352257077490059e+00;-2.952568781440190193e+00
-6.814682573609830207e+00;-2.413119574260509825e+00
-3.913587345270140183e+00;-7.164547663856420279e+00
-5.090927480591149745e+00;2.185632028708529795e+00
7.075141662844299795e+00;-4.657695792208899732e+00
-3.369060450370859883e+00;-6.359357450333019912e+00
-4.397120973386719811e+00;1.508003407850800004e+00
7.375572844689440188e+00;-3.498994505202510208e+00
-1.346009319478020050e+00;2.850180235966730091e+00
-5.114582620584259942e+00;5.053660201398740143e-02
-8.912106971820129786e+00;9.697170797908370332e+00
8.343401013402450772e+00;-8.040325418681900871e+00
-9.760580473232629561e-01;5.785071256691669550e-01
-1.069750484826649917e+01;1.751640207207799893e+00
-4.235568114559820074e+00;7.787388531199930242e-01
-1.313594172625619949e+00;6.144689469883189981e-01
-1.009712388275690031e+01;1.060413275837139935e+01
-8.762654648314390116e+00;1.169992043970949913e+00
8.063727478746189448e+00;-5.874252795046319697e+00
5.966270346139459946e+00;-5.780892668414900015e+00
-3.335244396573960213e+00;5.315992393938279825e+00
-5.301265404892260058e+00;5.082244647893220391e-01
5.377555643056100010e+00;-4.299348958956840328e+00
9.057868992582399414e+00;-7.790768925854600013e+00
-1.023636841767489969e+01;9.688686519667999875e+00
-1.904471567326170067e+00;4.498271403204009644e+00
-1.184210693119639890e+00;4.390290855681620030e+00
-1.521501297574920031e+00;6.223975497810250168e-01
-3.942308235599320199e+00;-8.841947890856930448e-01
-3.408668685424249833e+00;-5.851791430902619773e+00
-1.388058347306720064e+00;1.677917602915560025e+00
-9.307810390898909603e+00;-1.373516188853100006e+00
7.637299064068169940e+00;-3.252956237724950128e+00
7.342472352092509702e+00;-6.595567805749330326e+00
-5.438858727783300040e+00;8.025522700688949573e-01
-2.871806733029009795e+00;-8.364828152508060555e+00
8.985505260449059506e+00;-2.192751618211549847e+00
-2.249069244494089848e+00;-7.065642450367139560e+00
-7.387243480857300426e+00;2.030133147629459955e+00
-9.488765411917659875e+00;6.569385481864139509e-01
-1.483874334891370106e+00;1.361399192068090021e-02
7.699987901900949616e+00;-4.296582893766410116e+00
-3.341206707416759958e+00;1.442256893803580020e+00
5.402918081640489589e+00;-3.684462769501959833e+00
-1.371589565504919950e+00;3.554804509855309824e+00
-4.584145013269069757e+00;-3.204182967683240069e+00
-2.140721208971740008e+00;1.820453396652069955e+00
-2.021434315542350202e+00;3.119469040274020166e+00
7.232327585931470182e+00;-5.078038190445550271e+00
-3.481639218372829969e+00;5.319520110627230514e-01
-1.034725053686839980e+00;1.311590017671969921e+00
-1.426417181436890003e+00;3.847058243915840059e+00
-3.401099729794100135e+00;-7.883201898552900211e+00
-4.515668400281340311e+00;1.269785272762240069e+00
-3.846727364867009946e+00;-7.191227800047290231e+00
-1.427112163195330075e+00;5.634608064820279871e+00
-7.672924743764349742e+00;-9.432181152334040419e-02
-1.137795778154269932e+01;1.172295306061949915e+01
-2.716049521441310066e+00;-5.596663459526840079e+00
-2.100511800957129971e+00;5.094646783438429694e+00
-3.125375138156489818e+00;3.322409975161139783e+00
-8.292159256334059592e+00;-4.292939584644530071e-01
-7.475748155580220100e+00;9.701280831862449716e+00
-4.920789919796749956e+00;-9.771714632665370326e-01
-1.612354284154640105e+00;9.824227379838129659e-01
-2.329273774648930040e+00;1.365039385827790053e+00
-8.436005147673769855e+00;9.193936668140690216e+00
6.942797993003820167e+00;-4.545042871935139672e+00
-5.135460487935880280e+00;-1.365219600077979933e+00
-2.941289376002420131e+00;-5.631989329410379774e+00
7.724934651038849687e+00;-7.203914402892389823e+00
-9.579008847835329687e-01;8.489380205479829522e-01
-1.023712546218859920e+01;-1.451965102003160091e+00
7.160524196945930342e+00;-5.346829746025940189e+00
-2.252032648986390218e+00;-7.095019115709900070e+00
-1.777237296840179948e+00;5.665035886863960535e-01
-8.162192468831799275e+00;8.126946690623420011e+00
-5.386775916003680109e+00;2.065584622467750098e+00
-3.253390066977210004e+00;2.093405987263929902e+00
-2.617345612761159845e+00;-7.436970153454110388e+00
-5.105545505809629819e-02;2.899730388479759835e+00
-1.583328521158390068e+00;1.674565134954669965e+00
-1.996201659845530108e+00;4.993701474647200378e+00
-2.902477654323840195e+00;-7.557548686142400385e+00
-3.359886204083220029e+00;-6.184392854635690107e+00
6.706752166476140253e+00;-4.840007654290110040e+00
-1.155461708442629920e+01;1.071541881685459963e+01
-3.904117200429139789e+00;-5.173246421755949953e+00
-1.227343379096580023e+01;1.192972470301899968e+01
-5.955117319599819936e+00;1.983562685218389909e-01
-7.498091296992789978e+00;2.000735644517070089e+00
-8.591118872998210421e+00;9.344447299108560756e+00
-8.342344755318690241e-01;4.663516434753930184e+00
-9.595443394895349698e+00;1.332388487468809934e+01
6.735386520436350111e+00;-5.330812627409190263e+00
-8.651962551950180824e+00;1.098523119943929949e+01
-6.727489857835849740e+00;-2.325787563870619912e-01
-7.949400112969970067e+00;2.060623060449440214e+00
-3.978332761785489780e+00;4.674368545132019936e-01
-2.639054086629769813e+00;3.040422674843469841e-01
-8.051925602644830704e+00;1.874768144039199891e+00
-3.635951059074209901e+00;3.405767222653179882e+00
5.787636748667510211e+00;-4.196122036298559621e+00
-1.733906728835590050e+00;3.688332593985870211e+00
-9.434710222833249560e+00;1.081451562276940059e+01
-1.059436666378289971e+01;8.837547486421799547e+00
-5.263130369941330322e+00;1.389409979078420010e+00
-9.334157192679310100e+00;1.027983200778700024e+01
-9.662462222973399406e+00;9.412718365331150139e+00
-3.284483175073599881e+00;-6.242301578584349642e+00
-3.375741171741239999e+00;-1.314301560246459999e-01
-1.546578371495870075e+00;4.449122437719210232e+00
-4.069862598688829713e+00;-5.837593791379269703e-02
-8.226825766952469365e+00;1.851489059970780060e+00
-3.192969029757620092e+00;-4.115132473051209772e+00
-3.214109877823959849e+00;6.025832792290489737e-01
-7.821472956230929974e+00;-5.035767471718349819e-01
-2.771069356288490049e+00;3.083766526515610007e+00
-5.191169200710350040e+00;9.064573736341330346e-01
-9.277513434799349312e+00;-4.081482291406050011e-01
-5.647688716999150316e+00;-6.329195465322530190e+00
-8.733681921363629641e+00;4.904928397410679985e-01
-9.726635014398560264e-02;-5.486286361637260356e+00
6.496213653141429845e+00;-3.094829177967089784e+00
7.607926473967859593e+00;-5.049590241054000117e+00
-9.524963713338779892e-01;-8.003335193823820859e+00
-8.719762228993920061e+00;1.113720895480489936e+01
-3.055390279188570091e+00;1.757874818294820063e+00
-1.085413953781839957e+01;1.090522305521139934e+01
-7.126474834594049845e+00;-7.916428057883529990e-01
1.058815500869340030e-02;3.944247484040490193e+00
-3.407860871332260011e+00;-8.172111598417890477e-01
-1.973928635525709963e+00;-7.362730720130699957e+00
8.182934102601219450e+00;-4.797554947421819982e+00
8.087816846488760092e+00;-4.030471804534980329e+00
6.236121677446379685e+00;-4.916249047475179879e+00
-1.730443210107379948e-01;2.806153504060350024e+00
-5.323298219262500020e+00;-2.205154716664680103e-01
-9.921346299753940556e+00;9.509632876548630875e+00
-7.623663961242879594e+00;1.480562024907960073e+00
-3.928906096395219816e+00;-5.328879349714769731e+00
6.300692736801099869e+00;-3.346909764226179806e+00
8.583057990722080532e+00;-4.454791187389350426e+00
-4.385014014923630299e+00;-7.076727186546180048e-01
-1.092296867160350082e+01;1.155766278455319984e+01
-1.934670417505750084e+00;3.381117279522419805e-01
7.156185401338509777e+00;-5.918241769508050254e+00
6.669775153944869750e+00;-3.063097287562809967e+00
7.608477931269960415e+00;-5.241880418507480321e+00
-2.867400785089250004e+00;1.028544467475839941e+00
-2.660152849875600189e+00;4.066388006664899635e+00
-9.681137023728510371e+00;9.883720382741680410e+00
-2.893848735939549943e+00;1.813597991068820026e+00
-7.286950327187150300e+00;1.912676805465129970e+00
-3.108772472100890027e+00;-7.431121053163759704e+00
6.768966431743740131e+00;-5.064419571827410316e+00
-2.533157912909790088e+00;5.380616548472340277e+00
-4.259316482120399705e+00;-7.495589509438249642e+00
-1.423575126392689905e+00;5.657648237228699806e+00
-2.221139822737240088e+00;-7.360682760271919811e+00
-9.565686552256189579e-01;4.060812228076040142e+00
-3.392955422179440017e+00;-6.301942771112240216e+00
-9.392227217330239242e+00;9.142337526162760852e+00
-3.422395415936280161e-01;4.317693211844930268e+00
-3.973714707075469921e+00;-8.303003158954009422e+00
-7.106916560639739977e-01;-5.575952822315850099e+00
-8.540487992445999765e+00;1.328767559908069940e+00
-2.249850958791459909e+00;4.437229643270890200e+00
-9.964786748237859371e+00;1.291422777460470073e+01
-9.122416610894159561e-01;4.378531296880669998e+00
-2.723436957978960127e+00;-6.752502760309250007e+00
-3.247882983747790053e+00;-4.641419141869620318e-02
-3.467842355409239907e+00;1.170687770495909996e+00
-1.019362359118830064e+01;1.181236662487800082e+01
-2.454512266817490129e+00;2.675194631677510149e+00
-3.008072194101179875e+00;-7.288797936108050379e+00
-2.637403350807519864e+00;2.012699454558140033e-01
-2.701497980718369885e+00;-6.894858795232000404e+00
6.835180490181519630e+00;-3.817339411123410020e+00
-4.101242243350450067e+00;-4.755229235860389814e-01
-2.996018978390550203e+00;-6.818270076836619786e+00
-3.885745889123370045e+00;1.266132273222859927e+00
-1.444076942587219969e+00;4.359559285866700051e+00
-8.756188280600090135e-01;1.395084431844519912e-01
-3.331651968823610144e+00;-6.929499075721770041e+00
-4.276331393696890082e+00;6.710845928322719534e-01
-3.232261828833160155e+00;-6.986841425330170274e+00
-3.250178206395629932e+00;-6.920214997900989928e+00
-1.105233302801450046e+00;3.703220488984950154e-01
-3.273719753716939795e+00;-8.121676970697410125e-01
-3.658281055760749911e+00;-5.801214922664530427e+00
-2.224897198348819938e+00;5.320982379123940120e+00
-5.703366368421230348e+00;-5.395281043171359592e+00
-7.653005803897140247e+00;6.188714905303660530e-01
-8.867903139892890252e+00;9.275900718232220399e+00
-1.704568180962269919e+00;1.134131816986619912e+00
-8.422745897252619685e+00;1.011355261200620026e+00
-2.009099896663849805e+00;-4.875793423711019869e+00
-2.660385018259689982e+00;8.300268864360269561e-01
4.823597633273210228e+00;-6.088617192597009620e+00
7.988391506290030364e+00;-5.135752029499530025e+00
-8.255757870229590623e+00;5.710590251438579790e-01
-3.716706515997310056e+00;-6.576353016159879772e+00
-8.223654855851549428e+00;1.061423956556510007e+01
-8.487532895905950170e+00;1.136119361077120082e+01
-1.448606742507879908e+00;5.171030326031940128e+00
-2.564917125028880029e+00;-6.151554604437629692e+00
-1.644530944868709987e+00;1.132578588828299981e+00
-4.123615830295739748e+00;1.594901353677889988e+00
-1.569973881761050016e+00;1.890245727029050027e+00
-2.289415687790239851e+00;-5.897632449195480131e-01
-8.416071170672269730e+00;9.405678502806510410e-01
-3.428773194042320061e+00;-6.313053163800510070e+00
-7.776996542687229841e+00;9.818227500504960403e+00
-2.144948581682709854e+00;1.616249891597669963e+00
8.041557995554679650e+00;-4.543524580186890205e+00
-1.406146083729939988e+00;1.547284487983099921e-01
-2.403425043924659832e+00;-7.035020780475120361e+00
-1.127287212583989984e+01;1.069710016030970046e+01
-4.609056996194150102e+00;-6.393694671655619777e-01
-2.644955258218419925e+00;-5.709693517012870423e+00
-5.252741475909980196e+00;-1.026046749269560049e-01
-7.867632009047159869e+00;6.729770074933469903e-01
-5.379436834292950387e+00;-6.615252369306140245e+00
-1.006025085299470057e+01;-1.113075433001250003e+00
-8.009132163551520023e+00;7.976581650296069581e-01
-1.102500592122740031e+01;8.743818120422639950e+00
-5.171843713906030260e+00;-1.626097355767490038e+00
-1.725892372141389908e+00;3.485239101232930015e+00
7.757203510099629717e+00;-5.602142538907079583e+00
-5.161074613557910418e+00;-6.127069209560149776e-01
-9.574039255897369927e+00;1.021979939883589950e+01
-9.656221673282230356e+00;1.109284737653550046e+01
-2.220877365444450025e+00;-7.187498526297660284e+00
-2.869044997356640092e+00;5.870667400483100096e+00
7.325893914383519778e+00;-3.270949021220099784e+00
-5.106745076904879888e+00;2.492458738130120047e-02
-2.214118408129829962e+00;4.207072248158239880e+00
-8.514916597723619640e-01;5.033850317508790084e+00
-3.279210134985509839e+00;-9.399510004914670702e+00
-2.563515161291619826e+00;-4.396605297647679933e-01
2.962739990193040129e-01;7.621968673279619910e-01
-2.711477313414119905e+00;2.307786076000810205e+00
-1.027843529246579912e+01;1.080104780089780014e+01
-1.127607451948049899e+00;6.908964872398329904e-01
-2.123011016403809847e+00;4.605566487260180253e+00
-1.526310988134170099e+00;3.037507138641410087e+00
-8.616491074202389910e+00;-5.006039922256180219e-01
-2.730758227819130024e+00;-8.322688343425259205e+00
-8.212699272184019961e+00;8.354975928734349466e+00
-2.498684950805280192e+00;3.870296860484570001e+00
-3.829886802869109985e+00;8.367366658671090418e-01
-5.484144290666690402e+00;-7.255195188936860440e+00
-4.030197441689099769e+00;-7.372587078369080338e+00
-6.741784549230880330e+00;1.046650461507440077e+01
-1.079959470597849958e+01;1.122796222058130056e+01
-1.119606748777070004e+00;-3.163466318856399950e-01
-4.669855802388339860e+00;-5.677507087308319988e-01
-2.438817769380619893e+00;4.149197561785670230e-01
7.972360315650339757e+00;-3.587899696199229993e+00
7.527657221653090147e+00;-5.646075669907100192e+00
-2.393020353609559780e+00;1.029879926074030033e-01
-7.468899309118960161e+00;-1.043880578769180056e+00
9.078816207311499298e+00;-4.391362732909160016e+00
8.282998399530740130e+00;-4.457078391037690324e+00
-5.732195776439949597e+00;-4.027915789475129960e-01
8.055784721211969313e+00;-3.069895623413950059e+00
8.683370163234229722e+00;-4.375152071221539707e+00
-6.800843159953670058e-01;5.467044388551340006e+00
-1.037430222451260065e+01;1.015479060128780020e+01
-1.606915908201530074e+00;-5.665352659551960102e+00
-1.592559857692309899e+00;5.774613432051279860e-01
-2.148745731598419972e+00;4.167492770462939866e+00
-1.925263705488639898e+00;3.510557284820329915e+00
-3.918617288026040146e+00;2.796478279747010021e+00
7.968657915780809731e+00;-6.300402090978510117e+00
7.228428666801099745e+00;-5.822684865924750319e+00
-1.288716724848870010e+00;3.138633512614569909e+00
-4.669637279552869558e+00;-3.185653164320870201e-01
-8.410094997609100176e+00;1.051108740809499942e+01
-1.399274675410399960e+00;-7.220850838195500110e+00
8.158391706467590154e+00;-3.860899511170920118e+00
-3.431542423874939907e+00;1.024703745779299985e-01
-2.717102415474669797e-01;5.940955988166269908e-01
7.844409705279299594e+00;-3.592300855065610143e+00
-7.859376459318760055e+00;1.128927111266500027e-01
-8.823743190303909856e+00;1.039654794182570008e+01
-2.852849624389529826e+00;1.312005287244190077e+00
-9.319264633632130534e-01;4.735342816080610362e+00
8.225726069144510433e+00;-5.756072136446269916e+00
-3.029447269862810099e+00;2.028730216570210132e+00
-3.549282122116180105e+00;-3.234435807831649856e-01
-8.922639820223459139e+00;9.968964579949620486e+00
-9.396051217756250296e+00;1.077076723446650064e+01
-1.046812159025799938e+00;1.080817752536880061e+00
-2.716004292388240149e+00;-6.678498626725840381e+00
-1.201993513078519982e+00;1.437242977792380083e+00
-4.333890486975589873e+00;-7.773573800784100207e+00
-7.771367639291650420e+00;2.797188701559839841e-02
-1.053521201671419938e+01;8.202064098171319984e+00
7.269913314442460361e+00;-4.594138708808920057e+00
-9.668839435393470794e+00;4.871547299559059879e-02
-1.133697511983529971e+00;5.476054230956299840e+00
-6.077198770863470045e-01;4.586545591504630259e+00
-2.728800361316579881e+00;2.274506391029340158e+00
-2.365317468780050003e+00;2.367933175484279840e+00
6.432799979436279791e+00;-4.164573801033459866e+00
-9.946744127199920626e+00;-8.264598326608599832e-01
-5.012242871721389603e-01;3.375879526119490048e+00
-2.945484446074750018e+00;5.279125406135410259e+00
-2.278583180391620111e+00;3.837208998683890204e+00
-7.791958939261149908e+00;2.165186685705660086e-01
-2.896499329546830204e+00;-5.149253724926180498e-01
-1.006204526344719952e+01;9.294270442494200424e+00
-2.920370843686590057e+00;1.449828924028460087e+00
-4.120382983280959976e+00;-6.931976127320259806e+00
-3.081665870740569968e+00;1.912067507533540045e+00
-2.969140581918130017e+00;8.389518163595349742e-01
-2.703665852543620129e+00;4.576340247067039790e+00
-9.213154503421719710e+00;1.764548066901000078e+00
6.910557860102540140e+00;-4.255575599983290047e+00
-3.137868467447430199e+00;-5.847122137349759718e+00
7.641109863818040360e+00;-6.923530876412200108e+00
6.597242986880059945e+00;-4.316094140112380018e+00
8.628425309401629661e+00;-4.643821358693459800e+00
-1.061117734986579997e+01;8.960388508453899448e+00
8.555965027501629905e+00;-3.998880600082390213e+00
-3.849140912557409866e+00;8.122070944210549870e-01
-1.731492679710010085e+00;-2.041892563709309938e-01
-8.890961600742770088e+00;9.587077147695399759e+00
-5.001631782661710268e+00;-7.750439937673520019e-01
-4.340735457626100136e+00;-8.080961891621450732e+00
-6.721528255917060157e+00;-2.433626097902819863e-01
5.798150881193289585e+00;-4.557138454408359962e+00
-5.370368428225770430e+00;-1.200003152035749920e+00
-1.212487864796160109e+00;-1.033295374975699898e+00
-9.164695464103870037e+00;1.046648678715649972e+01
-1.042570852549479987e+01;8.386718229174199735e+00
-2.735654673481530130e-02;3.575596257742319928e+00
-1.235823885223999996e+00;6.279786545275930498e-01
6.934463792024430084e+00;-5.261629055249589904e+00
-9.803491780879850737e+00;1.052451489336709933e+01
6.728005516536249786e+00;-5.048618286864750004e+00
-9.564448746342909757e+00;1.096935049819460062e+01
7.742586284871450175e+00;-3.655455317165920093e+00
-8.878471309215289153e+00;1.789410880691999939e+00
-1.742280219689350096e+00;3.955885489891389994e+00
-2.426211883211269793e+00;-7.800180395308159653e+00
2.343759921585510109e-01;5.920603131792059770e+00
-1.685820581439420041e+00;3.801537110280449827e+00
-1.294621385491989907e+00;-8.283596136650529795e-02
8.700198223938890862e+00;-5.855765471773639597e+00
-3.234514746900119864e+00;-8.360261723436320125e+00
-3.420390869646679821e+00;3.845452580236529805e+00
7.984546741698640204e+00;-4.169925298037480133e+00
-9.417823282311070798e+00;4.357550435956619728e-01
-6.888177062152320396e+00;2.874614762433489942e-02
-3.572637256185630106e-01;1.013526042701879959e+00
7.374405793523349573e+00;-4.784718288085390014e+00
-4.171087421879519752e+00;-7.187920665989819824e+00
-7.680872754870510022e+00;9.064217292533479409e+00
7.536188246588220174e+00;-4.383078245505179993e+00
6.945851522285249935e+00;-6.061879010166610016e+00
-7.474268779600169665e+00;-6.975879230606419901e-01
-8.909820576664090552e+00;1.402217417944650046e+00
6.483075042630980001e+00;-4.980588844440600127e+00
-7.640234097055410345e+00;-6.956279898334970513e-01
-4.392494818758559738e+00;6.652523509849029848e-01
-7.890233010694649884e+00;2.247854707176020206e+00
-5.600011368592410221e-01;5.467407584427530054e+00
-2.106757928696350035e+00;1.100744184851540020e+00
-9.575022770771980163e+00;9.751074566868760840e+00
8.221759249305810258e+00;-4.887891531420949676e+00
-3.956165047589780048e+00;-1.354432229091689921e-01
-1.824719560202969992e+00;2.149786116991399876e+00
-2.261707312639710032e+00;-5.463844115928799816e+00
-3.341400682596990190e+00;7.245550325894699606e-01
-1.879781416134449934e+00;5.420727004837390117e-01
-8.946426746700479882e+00;1.149730407212659955e+01
-9.988579978158510286e+00;1.140742134025610000e+01
-3.179406718040589830e+00;-4.913907543852180204e+00
-8.897038597666839799e-01;1.644051590297199994e-01
-9.726826724961680881e+00;1.131047352780650073e+01
-3.801165433273880012e+00;-5.548415169491650367e+00
-2.104905562026659904e+00;-5.875257829327630077e+00
-4.031767787211800069e+00;8.917556211499469976e-01
-3.398863293793120022e+00;8.082863103790539627e-01
-2.360919324325680080e+00;-7.674953561657820167e+00
8.333506541965769898e+00;-4.828512986994390133e+00
-9.533020954860489837e+00;1.118255731558519983e+01
-7.977883571829930132e-01;-6.783427668090089568e+00
-1.561176721686799995e+00;3.375079787863070196e-02
-8.053180026416889348e+00;9.094880349829099764e-01
-9.079379576188090439e+00;1.360643633221390036e+00
-3.849306240380470090e+00;1.540349320175959935e-01
-7.884879908961439643e-01;5.119683345206880176e+00
-7.213572540782090314e+00;-1.654258674103500082e-01
-3.129181076441089893e+00;7.744707911672119582e-01
-8.903201413534649333e+00;9.888904146591650512e-01
-1.103017261068699995e+01;1.085601867905550044e+01
-7.058904377681179954e-01;8.771223632555219529e-01
-9.677989348365349187e+00;1.204130899199799920e+01
-1.217186537593629936e+00;3.461044325248800124e+00
-8.050768308954500796e+00;3.350140437311280195e+00
-9.707871400716550525e+00;1.020504400002410073e+01
-3.912282321604080071e+00;-7.518773221669740325e-02
-2.885783056095899912e+00;-6.204393613207369818e+00
-6.827314323919010164e+00;1.116544719384249928e+00
-1.288063126216870025e+00;-1.184786292516700090e+00
-1.346299082575129979e+00;1.312126179063479947e+00
-8.742947423416680408e+00;9.187779645719000854e+00
7.334386354800700225e+00;-5.163743970420680007e+00
-2.212454462688429935e+00;4.471699142706079932e+00
-1.009430416226829941e+01;1.032441448725180067e+01
-7.791139023903300043e+00;-4.112492542296740106e-01
-2.066135019237759884e+00;3.988745475913269889e+00
-2.981633535033040072e+00;-8.367093168544450066e+00
-3.509346688458740093e+00;-6.122981625725439914e-01
-3.814470275462119808e+00;-1.142760627802039908e+00
-7.619247444011439718e+00;5.724752270033699880e-02
-2.753021759210890096e+00;-7.236607490340049686e+00
7.684024435157899902e+00;-2.857289226290860018e+00
-3.531774542837789799e+00;-6.962569061602909670e+00
-4.713586309856830248e+00;-4.525054571998989861e-01
-3.353672007984680015e+00;-1.317018354393630020e+00
-2.046853377238170069e+00;2.368496957105989953e+00
-9.525504687407609694e+00;1.694010146798679894e+00
-9.152695423033250677e+00;1.025325832906360013e+01
-4.058901998436580172e+00;-1.046079921998879891e+00
-1.105605143492030074e+01;1.126656009094829969e+01
-8.112098335676529715e+00;1.280232345145390083e+00
-1.909292837716590086e+00;-4.719786661325199972e+00
7.436268340718720005e+00;-4.330647837900169606e+00
-4.589571338898720043e+00;9.293975671406780048e-01
-4.407856066985909926e+00;4.771153091286670089e-01
6.615090962615619574e+00;-5.215405218671159915e+00
-9.885693668029670533e+00;9.392541313088379695e+00
-9.199130029271820774e+00;1.062406065976360026e+01
-7.890562878241829559e+00;7.986170395250570264e-01
-3.401886556297220032e-01;2.844745096631830172e+00
-6.553483892210950401e+00;5.700210812222159529e-01
7.461542901108230375e+00;-4.728568516747749584e+00
-5.417944678633870303e+00;-7.621736875452650439e-01
-3.552134574813710088e+00;5.262975519179170503e-01
-7.299094389101330016e+00;4.833938675054970102e-01
-3.474590636806019983e+00;5.627035603900639726e-01
-2.868004525545229999e+00;-5.748312736558870206e+00
-4.986022046105619943e+00;3.678703981809799961e-01
-4.754398981426610327e+00;1.940368806030869919e+00
-1.879392251130820091e+00;1.088984520948540036e+00
-1.350328264510719967e+00;-6.399965056554790532e-01
-9.017972958171800002e+00;1.005802617968750035e+01
-1.011789213867140047e+00;7.592006666706859752e-01
9.500524037007659572e+00;-6.129642000842490113e+00
-9.632656103525340185e+00;9.138370292909579362e+00
-2.625872863962309900e+00;3.688977186078759907e+00
-8.505122013341109621e+00;-4.504663109009339750e-01
9.202696253246280378e+00;-2.646457937694779883e+00
-9.838680860478559609e+00;1.091594005611520046e+01
-4.305517095709490150e+00;1.436935848408499972e+00
-3.515243791656310068e-01;4.539887475905310055e+00
6.894164426023140280e+00;-5.782379755725139958e+00
-8.685965238544360645e+00;9.531350943671249354e+00
-9.563002811290949978e+00;1.018880683667640064e+01
-1.127506170754410064e+01;8.296076065970870772e+00
-4.281687776758570152e+00;-8.986841257506750225e-01
-4.157914328411130178e+00;-2.060908805529019894e+00
-1.634136827033140005e+00;-7.564604089809249921e+00
-9.959916219854280328e+00;8.683457369351369692e+00
-1.109430854474829964e+01;1.052169921500530059e+01
-2.454574915454089901e+00;4.652982209001899960e+00
-2.519429033286070041e+00;1.174546491178789953e+00
-1.930204323969789915e+00;4.574759891419340363e+00
6.415396898651319901e+00;-4.828485148554790385e+00
-3.798830338678270024e+00;9.052948284388759315e-02
-1.823756987863500045e+00;2.521964518499720254e-01
-4.363017498713330333e+00;-7.349398553130789935e+00
-1.424980776192819931e+00;3.291709922239929864e-01
-1.967660936909769953e+00;1.444148465539540072e-01
-6.085815088022199504e-01;3.623203897574439836e+00
-1.925886547436229890e+00;3.591512055107120016e+00
-2.720076621925259897e+00;3.797489018273350059e+00
-1.108058985206569957e+01;3.703269505536569972e-01
-1.019330948661050051e+01;3.933452503154870050e-01
-8.958030541266509772e+00;1.410143338264959967e+00
-4.503606744454329736e+00;-1.340034236514519916e+00
-1.030864385189859966e+01;9.561434222930689231e+00
-1.043122583289940053e+01;9.808122879808150785e+00
-6.615884959989180025e+00;8.122856692496690512e-01
-3.162503026026150188e+00;2.193497100569140046e-01
-2.730134900229070016e+00;-6.066525034860980270e+00
-9.004345905483269519e+00;-3.154465578313940255e-01
-7.524750931061960024e+00;-5.455285440027219934e-01
-4.087174692598620318e+00;-7.843836968176900015e+00
-7.747818797517459721e+00;3.572596238651239847e-02
-1.315620260043379952e+00;4.026600515827880145e+00
8.226530180374149737e+00;-5.162275418817260153e+00
-8.523382534036999303e+00;8.786706848795139635e+00
-4.911744910680759801e+00;-8.067302000391190830e+00
6.635767518188160352e+00;-4.214526010920960353e+00
1.843357017899300010e-01;1.097369296525229965e+00
5.664719266619120397e+00;-3.346855417641270147e+00
-4.863172242114160326e+00;7.107494744485639560e-01
-4.012723851773490225e+00;-6.370228229888270199e+00
-3.354375629040470042e+00;-3.706638646805209825e-01
-2.546387388674050012e+00;6.238525118261200042e-01
-8.979578020190229992e+00;-6.049252447249300335e-01
-7.122717203210489956e+00;-1.661966227368009974e-01
-1.148965417647339926e+01;1.246182294906849997e+01
-2.874253128025490156e+00;-7.908558533126339718e+00
-7.118673357785739952e+00;1.766249116262269991e+00
-8.036916437231189647e+00;2.049308228338260207e+00
-3.010558754726770037e+00;-6.750106935870140212e+00
-1.618873706454440065e+00;1.401872331452620024e+00
-7.764693360982599657e+00;1.530372955732119955e+00
-4.076238870677870274e+00;6.041524326425389696e-02
-1.560338271086300077e+00;7.157810076071230432e-01
-7.088946958778439722e+00;9.436542115437199785e-01
6.586238583075290087e+00;-5.021120230345870183e+00
-1.747954375753620004e+00;3.514685278639099852e+00
-8.573627962528789226e+00;1.142001315097579983e+01
-3.124152879278879968e+00;-6.632492981452539738e+00
-2.598922320805860053e+00;5.558995920216980302e+00
9.267341228417960153e+00;-3.942665112704809793e+00
-2.612303697946189995e+00;3.323136595417500172e-01
-6.520990004933779893e-01;1.036530334353120031e+00
-8.239779663857570213e+00;1.269727845535570054e+00
5.307002503848270297e-02;4.889849136560570075e-01
-3.436354388691719830e+00;-9.454909337339140185e-01
-4.230232275546160103e+00;1.763703484245550124e-01
7.176570652213530188e+00;-4.370037897765880253e+00
-7.533298194794760150e+00;-1.128751310192170010e+00
7.815898161844270220e+00;-5.493834956066259601e+00
-2.000661108154819789e+00;-6.494424817057749877e+00
-3.529909685174239975e+00;-1.765060076351210094e+00
-9.555796148685359981e+00;1.048961337849540065e+01
-7.954161823919589924e-01;4.103837572320079730e+00
-8.235173658425159360e+00;8.043571562440430256e-01
-9.590289696940509145e+00;1.064387309129180004e+01
-5.393189281433749649e+00;-6.931603375091370367e+00
-8.506570176677609396e+00;3.077498785632299949e-01
-1.432076429639469906e+00;3.380691253105290173e+00
-9.461607323599180219e+00;1.190135783759079935e+01
-4.039330144244240195e+00;1.942401374568039962e+00
-1.367523751541469990e+00;1.419097452145170024e+00
7.119901345595350151e+00;-3.692243836122489853e+00
-6.559551949812529870e+00;7.057525036590259759e-01
-8.219186661898250534e+00;-6.510008056358069783e-01
7.960667090670529689e+00;-5.121293723405339726e+00
-2.306405514758799846e+00;2.746194533277719785e+00
5.966981133565369966e+00;-4.478287866295389996e+00
-1.958509458187370100e+00;2.614066943231180051e+00
-3.257617148881899904e+00;6.400461932006249466e-01
-1.712417057100610096e+00;1.317918043056200084e+00
-1.060163271478450042e+01;9.547016791971380201e+00
5.654794933085129927e+00;-5.933291199788469861e+00
-7.414131228337460300e+00;6.136228881398250179e-01
-3.011764485793389845e+00;-8.982408142567429588e-01
-3.309324264396479975e+00;7.812678327710339543e-01
-3.313008741706179872e-01;1.256130551495729941e+00
-5.011989197570829724e+00;-1.211288281748000017e-01
-4.741785467685970090e+00;-5.819153863861689757e+00
-3.065852880125900182e+00;6.413042868793150220e+00
-9.927031136992770399e+00;8.500253646762550019e+00
-8.390393610422320236e+00;1.064360812708540038e+01
-4.856983461922830259e+00;-1.779397231621820119e-01
-2.267908246996059862e+00;5.060671738229600258e+00
-8.627102260069129613e+00;-1.615343263872399959e-01
-9.015648763759580575e+00;1.021044596084679901e+00
-7.129144419624269702e+00;2.753058774193449798e-01
-5.070672177138010106e+00;-1.013745419199159947e+00
-1.751107893107529900e+00;3.675766544767959942e+00
-1.789320129610699972e+00;-3.689781895948959778e-01
-5.731289142653309909e+00;7.557330355276330458e-01
-1.913709033177360075e+00;-5.722869486096359815e+00
6.414559890110200335e+00;-4.045626699404659909e+00
8.909405773461140043e+00;-4.112522058332729991e+00
-9.360864413494569547e+00;1.046586445160740020e+01
-4.154339421505650165e+00;-6.835794217577520371e+00
-1.072577803725729950e+01;1.026098282055320077e+01
1.063193930439689933e-01;-4.020176261188589811e-02
6.053183941798310208e+00;-4.395606011510699851e+00
-3.253726439122550218e+00;5.691759280372339802e+00
-3.758042884749420165e-01;2.182939066920480120e-01
-1.021538068447529923e+00;1.857774695775160079e-01
-2.459902628018320048e+00;5.630662600120410310e+00
-1.011206874916959997e+01;9.108623337551950527e+00
-1.823926030661040087e+00;-8.348297624918659565e+00
-6.718483683034760290e+00;9.882445509109579751e-01
-9.245200174237179880e+00;1.005738112486899993e+01
-2.740817427521620164e+00;3.468270911846520033e+00
-3.084734863026110219e+00;-9.402465645184889809e+00
-3.492968825128529797e+00;1.713720697342069998e+00
-2.059335739399669851e+00;8.910463460776349987e-01
-9.818866439926180689e+00;9.595195457226969538e+00
-4.162830837439010168e+00;1.375939889756319978e+00
-2.228155661465399895e+00;3.798351710663370184e+00
-1.042632763981609934e+01;1.124724140449029974e+01
-9.074771057975500099e+00;9.369682876484850098e+00
6.580447549038310306e+00;-4.384641959730480210e+00
-1.735849886420880006e+00;4.635688339555230186e+00
-8.580927746102240405e+00;-3.143557510663900212e-01
-2.564225182343069953e+00;-6.209759433869569634e+00
6.639011653747200370e+00;-5.127892685881249690e+00
-8.407638474786029548e+00;6.407809975870569774e-01
-7.984139539425910037e+00;-1.001009311697399928e+00
-9.410811150070900410e+00;1.277310382683310097e+00
-5.698302518944560191e-01;2.097204510730960036e-01
8.736634720280729738e+00;-5.046954709541349615e+00
-8.039411349985179811e+00;1.139788142524430015e+01
8.482158228964539859e+00;-3.779535795050469993e+00
7.789174845587949925e+00;-4.959224915915879883e+00
-2.030082962917429956e+00;-4.996872690891370206e-01
-3.724524828653839936e+00;1.056857831663490010e+00
7.058798727047389754e+00;-4.022499957490540012e+00
-1.052925750113119996e+01;1.047567744846350024e+01
-1.000862842858209945e+01;1.045552025986039979e+01
-2.234748694588109874e+00;6.920507139516850259e+00
-3.395182951254689829e+00;-6.040472008674259818e+00
-4.723063507003420369e+00;-7.197530155651669759e+00
8.103241237396110463e+00;-5.064794567400950243e+00
-8.731323007016490223e+00;9.208841086226769335e+00
7.158577467995359989e+00;-4.009739062236450380e+00
-4.367645146650180443e+00;-7.917150135528149946e+00
-1.104026627317669984e+01;9.173262308788389774e+00
6.825506290157029810e+00;-2.843278409098580095e+00
-9.654743664369050293e+00;1.151345929141909963e+01
-9.247726113885560650e+00;2.183236665304349788e+00
-6.658033553205029875e+00;-7.649895184269780435e-01
-1.616215809503960044e+00;-1.065595474972329981e+00
-2.581055428790500095e+00;-1.187782715016209995e-01
-1.157202678724170042e+00;3.853760596399510074e+00
1.086793520957959913e+01;-5.030549087613979786e+00
-4.988426651119669764e+00;-6.183232186442100264e+00
-9.135885041012690166e+00;1.224511605155420035e+01
-1.409193530608590095e+00;6.507790186135880006e-01
-3.758509450759469850e+00;1.353745539017799926e+00
-8.902607788480940698e+00;1.262727385986299922e+01
-5.352061992071529772e+00;-1.030861567301039949e+00
-4.553872192280770115e+00;-6.989744172938840094e+00
-3.779168675884609918e+00;-6.671334901266339656e+00
-3.729457198880670177e+00;1.425618868560440067e+00
7.536457623528639793e+00;-4.916994653468970355e+00
-3.094453277321620011e+00;6.603572733628649827e-01
-1.016784871538889945e+01;9.813817736352280718e+00
6.114117582270660378e+00;-4.680038860673150225e+00
6.948793190895200311e+00;-4.785058730209800437e+00
-2.718310258334370122e+00;-7.640997197291819809e+00
-1.050441779716950030e+01;8.641408242480080659e+00
-1.623160122184160059e+00;4.325945971569679749e+00
-2.401054541242110041e+00;6.325538555110010286e+00
-2.410949252262379883e+00;1.373724143345700088e-01
-5.699528364623690280e+00;-1.671494246922740068e+00
-9.611739231981449860e-01;2.189440171600990137e+00
-9.960314250252320534e+00;9.749878058556339155e+00
-3.082735795726830208e+00;3.857274195112450066e+00
-8.368213821096929905e+00;-6.245027794987230152e-01
-6.473840995058689707e+00;1.604153202580609894e-01
-1.938111134513410105e+00;-1.078866114672049958e+00
-4.826434543609620320e+00;-7.531158926387860220e+00
-2.473033096286230137e+00;-5.778363561313190067e-01
-4.475161278653819963e+00;-5.672475229148440157e+00
-7.838725679251680178e-01;3.987728396107149909e+00
-9.347003257771689277e+00;1.064849596913360052e+01
-3.214181807958909953e+00;1.669737199888179924e-01
7.101515942943669835e+00;-5.034057550769079903e+00
-1.403136832910859999e+00;1.494609558279909933e+00
8.922402445847710695e+00;-3.759614342775900120e+00
-5.139104360469499699e-01;-1.085703079450270003e+00
-7.779184841701000330e+00;9.440753701077529980e-01
5.211092594236990116e+00;-5.335273378875670325e+00
-4.187758302003209643e+00;-5.917327863319390424e+00
-2.970614468385320173e+00;-4.978708118346830136e-01
-7.435970725031849859e+00;9.862745004737890397e+00
-7.486382155231400048e+00;-2.720520953726859870e-01
7.462462036842920199e+00;-5.749725412723980078e+00
-7.431750673162110132e+00;2.624161029902079889e+00
-1.031913958389190089e+00;-2.583757354032010234e-01
-2.785242380866680190e+00;5.937304654281840399e+00
-2.137214906032570028e+00;-6.644379526670119773e+00
-4.006560395089899806e+00;-5.365056595235380144e+00
-3.080725944950350126e+00;-6.351052130530120188e+00
7.211856157502279707e+00;-5.335469208552700238e+00
-9.047126151578670505e-01;2.479574656143539890e+00
-8.845054950950599348e+00;7.438094808451070072e-01
-3.067076506386659851e+00;3.607452764826250213e+00
-1.049773994907839958e+00;2.509305975604180228e-01
-9.968852750459729961e+00;9.352688223131799816e+00
7.000262330179990222e+00;-4.748554771832799837e+00
-2.199802863592029922e+00;5.366957585677729625e+00
-7.642801559522410138e+00;-1.080488671858129912e+00
-4.119635478122080308e+00;-7.735604630132989490e-01
-1.009030326559179969e+01;1.031080897991370016e+01
-2.647782477112659905e+00;3.689271873644190070e+00
-8.646338570286919989e-01;3.064351181909330091e+00
7.204990806326789787e+00;-5.058571615617440287e+00
-9.661625217256229803e+00;9.790965315184340767e+00
8.676978072513280793e+00;-4.072540175198199996e+00
-1.217692810849160034e+00;1.913763399192129899e+00
-6.401283656350040374e+00;-6.435231675619800251e-01
-3.583378553226479912e+00;-6.556450890873409598e+00
6.501371307127770116e+00;-4.081444517101010305e+00
-2.158967178842980061e+00;2.303232273292710186e+00
-1.630665822167310042e+00;5.987612966411080428e+00
-4.392664604986980414e+00;4.404487643387279827e-01
-4.114860243915919646e+00;-5.801187503374880094e+00
-9.876597368031809765e+00;1.051430790579020069e+01
-9.043205920982190449e+00;1.007775503704040077e+01
-1.046503760293800056e+01;9.770272238944640364e+00
-9.067771687583350726e+00;8.454632975670579587e-01
-8.640037096742840816e+00;9.540287139225700486e-01
-2.359591664552139978e+00;1.958989862369860058e+00
-1.343009950242360029e+00;1.150351772127560013e+00
-2.297223334424510099e+00;6.366637258173469816e-01
-7.653949667030659487e-01;5.136101864511940285e+00
-6.399073701753350107e+00;6.874859358998050007e-01
-3.344343746535189954e+00;2.923138516181139845e+00
-2.121498488292659967e+00;5.622052475754080181e-01
-2.591445996897809856e+00;3.716627705996189857e+00
-4.194980199789699604e+00;6.351426778437739840e-01
6.962912630861329610e+00;-4.350512732060550114e+00
-3.265928833700079803e+00;3.150012454504270143e-01
-3.441167002287690124e+00;-7.935602527143339913e+00
-7.822823437523940271e+00;1.360178713902340020e+00
-1.468337334258599913e+00;-6.674464974145339902e+00
-8.581345490342760840e+00;9.916559734909800028e+00
-3.363124643345909881e+00;1.290100142107480086e-01
-9.214115815937180543e+00;9.922779221008079631e+00
-7.851492537512980263e+00;8.093312999333909796e-02
-2.725302680095489816e+00;3.709824709916969887e+00
-7.974706862850379885e+00;2.460121778201250109e+00
-9.754176021128470042e-01;3.349449943628839854e+00
-8.412279674222540304e-01;5.338848551731880221e+00
-8.287016261860959965e-01;4.613680149968799604e+00
-2.294337999643019987e+00;3.055509685942530140e+00
-2.023619505200270119e+00;2.591650310140469760e-01
